Variable,Real_Mean,Simulated_Mean,T-Test_p-value,Real_Median,Simulated_Median,MannWhitneyU_p-value
timestamp,1609545450.0,1609545450.0,1.0,1609545450.0,1609545450.0,1.0
sensor-id,80.00868055555556,70.97829861111111,4.605426812508028e-46,84.0,77.0,1.267747265122728e-107
y,49.68143798415064,49.68150172527151,5.772443202246302e-20,49.681386431774605,49.68146562649304,8.396780717466957e-66
x,12.199148799619074,12.19911612893488,0.0002260860709460644,12.199149183292423,12.199067969308752,1.3213550504663073e-75
